{
   "Environment" : {
      "Sky" : {
         "Ceiling Color Day" : [ 0.26340833306312561, 0.34830504655838013, 0.9950980544090271, 1.0 ],
         "Ceiling Color Night" : [ 0.063581332564353943, 0.064103908836841583, 0.72058820724487305, 1.0 ],
         "Ceiling Color Twilight" : [ 0.23241059482097626, 0.35277730226516724, 0.91176468133926392, 1.0 ],
         "Horizon Color Day" : [ 0.30392158031463623, 0.23092080652713776, 0.23092080652713776, 1.0 ],
         "Horizon Color Night" : [ 0.098039209842681885, 0.035082660615444183, 0.035082660615444183, 1.0 ],
         "Horizon Color Twilight" : [ 0.82352942228317261, 0.44808778166770935, 0.19780851900577545, 1.5 ],
         "Horizon Height" : 0.15800000727176666
      },
      "SkyPlane" : {
         "brightness" : 0.48000001907348633,
         "scale" : 0.20000000298023224,
         "skyPlaneBottom" : 0.0,
         "skyPlaneResolution" : 11,
         "skyPlaneTop" : 0.81000006198883057,
         "skyPlaneWidth" : 12.40000057220459,
         "textureRepeat" : 4
      }
   },
   "Landscape" : {
      "Ocean" : {
         "BumpHeight" : 0.5,
         "BumpSpeed" : [ 0.0, -0.0099999997764825821 ],
         "DeepColor" : [ 0.20000000298023224, 0.5, 0.94999998807907104, 1.0 ],
         "FresnelAmount" : 0.5,
         "FresnelBias" : 0.5,
         "FresnelPower" : 0.5,
         "Height" : 64,
         "HeightRatio" : 7.5,
         "ShallowColor" : [ 0.43137255311012268, 0.86274510622024536, 0.71895420551300049, 1.0 ],
         "ShoreBlend" : 35.0,
         "SpecularAmount" : 0.5,
         "TextureScale" : [ 1.0, 1.0 ],
         "Thick" : 2,
         "WaveAmplitude" : 2.0,
         "WaveFrequency" : 0.05000000074505806,
         "Width" : 64,
         "XOffset" : 128,
         "YOffset" : 0
      },
      "Terrain" : {
         "Alpha Map 0" : [ "../_Contents/Landscape/AlphaMap1.png" ],
         "Alpha Map 1" : [ "../_Contents/Landscape/AlphaMap2.png" ],
         "Brush Color Hover" : [ 1.0, 0.0, 0.0, 1.0 ],
         "Brush Color Selected" : [ 0.32802289724349976, 0.32806345820426941, 0.91666668653488159, 1.0 ],
         "Detail Map" : [ "../_Contents/Landscape/Dirt3_detail.png" ],
         "Diffuse Map" : [ "../_Contents/Landscape/terrain/desert_mntn_d.jpg" ],
         "EnemyArea" : {
            "EnemyAreaCount" : 0
         },
         "Grid Color" : [ 0.99998998641967773, 1.0, 0.99999171495437622, 1.0 ],
         "Grid Spacing" : 5,
         "Grid Thickness" : 0.12900000810623169,
         "Height Map" : [ "../_Contents/Landscape/HeightMap2.png" ],
         "Normal Map" : [ "../_Contents/Landscape/terrain/desert_mntn_n.jpg" ],
         "Shader File" : [ "../Direct3D/Shaders/Terrain.hlsl" ],
         "SubDiffuse0" : [ "../_Contents/Landscape/terrain/ground_mud_d.jpg" ],
         "SubDiffuse1" : [ "../_Contents/Landscape/terrain/grass_mix_d.jpg" ],
         "SubDiffuse2" : [ "../_Contents/Landscape/terrain/ground_crackedo_d.jpg" ],
         "SubDiffuse3" : [ "../_Contents/Landscape/terrain/jungle_stone_d.jpg" ],
         "SubDiffuse4" : [ "../_Contents/Landscape/terrain/snow_grass_d.jpg" ],
         "SubDiffuse5" : [ "../_Contents/Landscape/terrain/ground_cracks2v_d.jpg" ],
         "SubNormal0" : [ "../_Contents/Landscape/terrain/ground_mud_n.jpg" ],
         "SubNormal1" : [ "../_Contents/Landscape/terrain/grass_mix_n.jpg" ],
         "SubNormal2" : [ "../_Contents/Landscape/terrain/ground_cracked_n.jpg" ],
         "SubNormal3" : [ "../_Contents/Landscape/terrain/jungle_stone_n.jpg" ],
         "SubNormal4" : [ "../_Contents/Landscape/terrain/snow_grass_n.jpg" ],
         "SubNormal5" : [ "../_Contents/Landscape/terrain/ground_cracks2_n.jpg" ]
      }
   },
   "Lights" : {
      "Point Light" : {
         "Light Count" : 0
      },
      "Spot Light" : {
         "Light Count" : 0
      }
   },
   "Positions" : {
      "Player Color" : [ 0.16176468133926392, 0.16176460683345795, 0.0095155686140060425, 1.0 ],
      "Player Position" : [ 7.6000003814697266, 0.0, 8.9000005722045898 ]
   }
}
